region,Retail & recreation,Grocery & pharmacy,Parks,Transit stations,Workplaces,Residential,country,date,countryName
Buenos Aires,-0.9,-0.48,-0.91,-0.82,-0.69,0.31,AR,2020-03-29,Argentina
Buenos Aires Province,-0.88,-0.6,-0.91,-0.79,-0.6,0.26,AR,2020-03-29,Argentina
Catamarca Province,-0.71,-0.46,-0.78,-0.81,-0.35,0.29,AR,2020-03-29,Argentina
Chaco Province,-0.79,-0.63,-0.83,-0.92,-0.48,0.24,AR,2020-03-29,Argentina
Chubut Province,-0.92,-0.91,-0.94,-0.93,-0.62,0.28,AR,2020-03-29,Argentina
Cordoba,-0.88,-0.66,-0.9,-0.91,-0.57,0.3,AR,2020-03-29,Argentina
Corrientes,-0.8,-0.63,-0.88,-0.89,-0.47,0.25,AR,2020-03-29,Argentina
Entre Rios,-0.87,-0.65,-0.93,-0.9,-0.54,0.29,AR,2020-03-29,Argentina
Formosa Province,-0.76,-0.53,-0.82,-0.71,-0.37,0.21,AR,2020-03-29,Argentina
Jujuy,-0.8,-0.55,-0.83,-0.92,-0.44,0.27,AR,2020-03-29,Argentina
La Pampa,-0.88,-0.72,-0.88,-0.87,-0.56,0.28,AR,2020-03-29,Argentina
La Rioja Province,-0.7,-0.46,-0.84,-0.86,-0.4,0.26,AR,2020-03-29,Argentina
Mendoza Province,-0.81,-0.56,-0.84,-0.72,-0.49,0.29,AR,2020-03-29,Argentina
Misiones Province,-0.83,-0.66,-0.85,-0.92,-0.51,0.27,AR,2020-03-29,Argentina
Neuquen,-0.96,-0.95,-0.95,-0.92,-0.72,0.33,AR,2020-03-29,Argentina
Río Negro,-0.9,-0.72,-0.92,-0.96,-0.55,0.29,AR,2020-03-29,Argentina
Salta Province,-0.82,-0.55,-0.84,-0.76,-0.47,0.26,AR,2020-03-29,Argentina
San Juan Province,-0.76,-0.5,-0.8,-0.87,-0.46,0.28,AR,2020-03-29,Argentina
San Luis Province,-0.85,-0.6,-0.89,-0.91,-0.56,0.29,AR,2020-03-29,Argentina
Santa Cruz Province,-0.83,-0.62,-0.88,-0.91,-0.56,0.24,AR,2020-03-29,Argentina
Santa Fe Province,-0.87,-0.63,-0.89,-0.77,-0.57,0.29,AR,2020-03-29,Argentina
Santiago del Estero Province,-0.75,-0.49,-0.75,-0.9,-0.46,0.25,AR,2020-03-29,Argentina
Tierra del Fuego Province,-0.87,-0.63,-0.89,-0.92,-0.59,0.24,AR,2020-03-29,Argentina
Tucumán,-0.81,-0.53,-0.78,-0.9,-0.51,0.28,AR,2020-03-29,Argentina
Australian Capital Territory,-0.4,-0.03,0.38,-0.52,-0.31,0.11,AU,2020-03-29,Australia
New South Wales,-0.44,-0.13,-0.27,-0.57,-0.35,0.14,AU,2020-03-29,Australia
Northern Territory,-0.35,-0.13,-0.2,-0.55,-0.23,0.12,AU,2020-03-29,Australia
Queensland,-0.4,-0.19,-0.33,-0.57,-0.3,0.12,AU,2020-03-29,Australia
South Australia,-0.43,-0.15,-0.33,-0.55,-0.28,0.12,AU,2020-03-29,Australia
Tasmania,-0.5,-0.3,-0.7,-0.62,-0.28,0.13,AU,2020-03-29,Australia
Victoria,-0.51,-0.26,-0.55,-0.68,-0.37,0.16,AU,2020-03-29,Australia
Western Australia,-0.4,-0.16,-0.37,-0.55,-0.26,0.13,AU,2020-03-29,Australia
Burgenland,-0.83,-0.36,0.19,-0.43,-0.49,0.16,AT,2020-03-29,Austria
Carinthia,-0.85,-0.62,-0.45,-0.59,-0.48,0.13,AT,2020-03-29,Austria
Lower Austria,-0.82,-0.36,0.08,-0.74,-0.45,0.13,AT,2020-03-29,Austria
Salzburg,-0.93,-0.86,-0.73,-0.81,-0.59,0.15,AT,2020-03-29,Austria
Styria,-0.86,-0.61,-0.42,-0.71,-0.47,0.13,AT,2020-03-29,Austria
Tyrol,-0.95,-0.86,-0.82,-0.85,-0.65,0.16,AT,2020-03-29,Austria
Upper Austria,-0.86,-0.44,-0.19,-0.67,-0.47,0.13,AT,2020-03-29,Austria
Vienna,-0.85,-0.52,-0.44,-0.71,-0.52,0.15,AT,2020-03-29,Austria
Vorarlberg,-0.9,-0.7,-0.68,-0.79,-0.54,0.14,AT,2020-03-29,Austria
Brussels,-0.89,-0.65,-0.64,-0.82,-0.62,0.19,BE,2020-03-29,Belgium
Flanders,-0.82,-0.46,-0.65,-0.74,-0.5,0.17,BE,2020-03-29,Belgium
Wallonia,-0.84,-0.62,-0.72,-0.77,-0.52,0.16,BE,2020-03-29,Belgium
Federal District,-0.68,-0.28,-0.63,-0.56,-0.36,0.2,BR,2020-03-29,Brazil
State of Acre,-0.68,-0.2,-0.56,-0.75,-0.22,0.11,BR,2020-03-29,Brazil
State of Alagoas,-0.77,-0.43,-0.79,-0.76,-0.35,0.17,BR,2020-03-29,Brazil
State of Amapá,-0.71,-0.27,-0.51,-0.73,-0.28,0.11,BR,2020-03-29,Brazil
State of Amazonas,-0.64,-0.28,-0.62,-0.46,-0.26,0.13,BR,2020-03-29,Brazil
State of Bahia,-0.73,-0.42,-0.71,-0.73,-0.33,0.17,BR,2020-03-29,Brazil
State of Ceará,-0.76,-0.34,-0.71,-0.68,-0.33,0.16,BR,2020-03-29,Brazil
State of Espírito Santo,-0.68,-0.35,-0.69,-0.69,-0.31,0.16,BR,2020-03-29,Brazil
State of Goiás,-0.67,-0.27,-0.44,-0.5,-0.28,0.15,BR,2020-03-29,Brazil
State of Maranhão,-0.63,-0.27,-0.48,-0.66,-0.2,0.11,BR,2020-03-29,Brazil
State of Mato Grosso,-0.63,-0.3,-0.44,-0.59,-0.22,0.11,BR,2020-03-29,Brazil
State of Mato Grosso do Sul,-0.68,-0.33,-0.56,-0.68,-0.26,0.14,BR,2020-03-29,Brazil
State of Minas Gerais,-0.66,-0.29,-0.46,-0.57,-0.3,0.15,BR,2020-03-29,Brazil
State of Paraná,-0.75,-0.42,-0.7,-0.64,-0.34,0.17,BR,2020-03-29,Brazil
State of Paraíba,-0.76,-0.36,-0.73,-0.64,-0.33,0.17,BR,2020-03-29,Brazil
State of Pará,-0.61,-0.25,-0.53,-0.64,-0.19,0.12,BR,2020-03-29,Brazil
State of Pernambuco,-0.74,-0.35,-0.72,-0.59,-0.35,0.17,BR,2020-03-29,Brazil
State of Piauí,-0.71,-0.39,-0.49,-0.76,-0.27,0.18,BR,2020-03-29,Brazil
State of Rio Grande do Norte,-0.74,-0.36,-0.74,-0.66,-0.33,0.19,BR,2020-03-29,Brazil
State of Rio Grande do Sul,-0.75,-0.39,-0.73,-0.67,-0.36,0.2,BR,2020-03-29,Brazil
State of Rio de Janeiro,-0.72,-0.32,-0.74,-0.61,-0.37,0.17,BR,2020-03-29,Brazil
State of Rondônia,-0.63,-0.27,-0.42,-0.71,-0.23,0.12,BR,2020-03-29,Brazil
State of Roraima,-0.68,-0.25,-0.51,-0.72,-0.24,0.12,BR,2020-03-29,Brazil
State of Santa Catarina,-0.8,-0.49,-0.84,-0.76,-0.4,0.2,BR,2020-03-29,Brazil
State of Sergipe,-0.78,-0.46,-0.77,-0.83,-0.36,0.18,BR,2020-03-29,Brazil
State of São Paulo,-0.72,-0.36,-0.71,-0.62,-0.37,0.17,BR,2020-03-29,Brazil
State of Tocantins,-0.61,-0.31,-0.35,-0.71,-0.19,0.11,BR,2020-03-29,Brazil
Blagoevgrad Province,-0.74,-0.47,-0.32,-0.55,-0.43,0.1,BG,2020-03-29,Bulgaria
Burgas,-0.65,-0.38,-0.4,-0.51,-0.35,0.11,BG,2020-03-29,Bulgaria
Dobrich Province,-0.61,-0.33,-0.38,,0.18,,BG,2020-03-29,Bulgaria
Gabrovo,-0.61,-0.34,-0.16,,0.17,,BG,2020-03-29,Bulgaria
Haskovo Province,-0.66,-0.43,-0.14,-0.67,-0.27,0.13,BG,2020-03-29,Bulgaria
Jambol,-0.58,-0.44,-0.42,,0.14,,BG,2020-03-29,Bulgaria
Kardzhali Province,-0.71,-0.48,-0.27,-0.76,-0.39,0.12,BG,2020-03-29,Bulgaria
Kyustendil Province,-0.57,-0.39,-0.35,-0.46,-0.24,0.19,BG,2020-03-29,Bulgaria
Lovec,-0.64,-0.32,-0.16,,0.18,,BG,2020-03-29,Bulgaria
Montana Province,-0.41,-0.37,-0.18,-0.58,-0.13,0.11,BG,2020-03-29,Bulgaria
Pazardzhik,-0.68,-0.38,-0.29,-0.69,-0.32,0.13,BG,2020-03-29,Bulgaria
Pernik,-0.58,-0.31,-0.37,,0.21,,BG,2020-03-29,Bulgaria
Pleven Province,-0.64,-0.37,-0.16,,0.14,,BG,2020-03-29,Bulgaria
Plovdiv Province,-0.68,-0.38,-0.33,-0.54,-0.29,0.12,BG,2020-03-29,Bulgaria
Razgrad,-0.48,-0.66,,0.11,,,BG,2020-03-29,Bulgaria
Ruse,-0.58,-0.36,-0.14,-0.43,-0.25,0.11,BG,2020-03-29,Bulgaria
Shumen Province,-0.63,-0.29,-0.26,-0.7,-0.2,0.2,BG,2020-03-29,Bulgaria
Silistra,-0.37,-0.23,,-0.03,,,BG,2020-03-29,Bulgaria
Sliven Province,-0.61,-0.36,-0.4,-0.51,-0.25,0.19,BG,2020-03-29,Bulgaria
Smoljan,-0.66,-0.59,-0.42,,0.02,,BG,2020-03-29,Bulgaria
Sofia City Province,-0.7,-0.35,-0.42,-0.62,-0.34,0.15,BG,2020-03-29,Bulgaria
Sofia Province,-0.6,-0.35,-0.28,,0.14,,BG,2020-03-29,Bulgaria
Stara Zagora,-0.63,-0.38,-0.27,-0.1,-0.29,0.1,BG,2020-03-29,Bulgaria
Targovishte Province,-0.63,-0.31,,0.02,,,BG,2020-03-29,Bulgaria
Varna,-0.72,-0.36,-0.54,-0.76,-0.34,0.12,BG,2020-03-29,Bulgaria
Veliko Tarnovo Province,-0.68,-0.37,-0.24,-0.56,-0.28,0.13,BG,2020-03-29,Bulgaria
Vidin,-0.59,-0.29,,,,,BG,2020-03-29,Bulgaria
Vraca,-0.53,-0.31,-0.03,-0.49,-0.18,0.21,BG,2020-03-29,Bulgaria
Alberta,-0.55,-0.29,-0.23,-0.63,-0.41,0.13,CA,2020-03-29,Canada
British Columbia,-0.54,-0.28,0.27,-0.59,-0.47,0.13,CA,2020-03-29,Canada
Manitoba,-0.49,-0.21,-0.09,-0.56,-0.36,0.11,CA,2020-03-29,Canada
New Brunswick,-0.42,-0.2,1.01,-0.47,-0.35,0.08,CA,2020-03-29,Canada
Newfoundland and Labrador,-0.54,-0.38,-0.18,-0.6,-0.35,0.09,CA,2020-03-29,Canada
Northwest Territories,-0.59,-0.44,,-0.32,,,CA,2020-03-29,Canada
Nova Scotia,-0.33,-0.07,0.95,-0.45,-0.32,0.05,CA,2020-03-29,Canada
Nunavut,-0.47,,,,,,CA,2020-03-29,Canada
Ontario,-0.59,-0.33,-0.14,-0.66,-0.46,0.14,CA,2020-03-29,Canada
Prince Edward Island,-0.43,-0.19,-0.51,,0.25,,CA,2020-03-29,Canada
Quebec,-0.7,-0.44,-0.68,-0.75,-0.45,0.15,CA,2020-03-29,Canada
Saskatchewan,-0.53,-0.24,0.45,-0.52,-0.37,0.11,CA,2020-03-29,Canada
Yukon,-0.43,-0.28,,,,,CA,2020-03-29,Canada
Bjelovar-Bilogora County,-0.85,-0.58,-0.23,-0.7,-0.46,0.2,HR,2020-03-29,Croatia
Brod-Posavina County,-0.81,-0.59,,-0.51,0.23,,HR,2020-03-29,Croatia
City of Zagreb,-0.85,-0.61,-0.51,-0.76,-0.51,0.16,HR,2020-03-29,Croatia
Dubrovnik-Neretva County,-0.78,-0.54,-0.29,-0.66,-0.52,0.22,HR,2020-03-29,Croatia
Istria County,-0.74,-0.55,-0.35,-0.76,-0.45,0.15,HR,2020-03-29,Croatia
Karlovac County,-0.83,-0.56,-0.16,-0.66,-0.48,0.3,HR,2020-03-29,Croatia
Koprivnica-Križevci County,-0.81,-0.58,,0.25,,,HR,2020-03-29,Croatia
Krapina-Zagorje County,-0.87,-0.63,,-0.48,0.34,,HR,2020-03-29,Croatia
Lika-Senj County,-0.73,-0.44,-0.58,-0.83,-0.46,,HR,2020-03-29,Croatia
Međimurje County,-0.86,-0.64,,-0.54,0.27,,HR,2020-03-29,Croatia
Osijek-Baranja County,-0.83,-0.54,-0.14,-0.73,-0.47,0.17,HR,2020-03-29,Croatia
Požega-Slavonia County,-0.83,-0.58,,-0.49,0.0,,HR,2020-03-29,Croatia
Primorje-Gorski Kotar County,-0.82,-0.58,-0.47,-0.81,-0.48,0.15,HR,2020-03-29,Croatia
Sisak-Moslavina County,-0.76,-0.61,-0.51,-0.71,-0.43,0.27,HR,2020-03-29,Croatia
Split-Dalmatia County,-0.83,-0.52,-0.33,-0.76,-0.55,0.17,HR,2020-03-29,Croatia
Varaždin County,-0.86,-0.61,-0.62,-0.83,-0.5,0.3,HR,2020-03-29,Croatia
Virovitica-Podravina County,-0.8,-0.53,,-0.46,0.01,,HR,2020-03-29,Croatia
Vukovar-Srijem County,-0.81,-0.52,,-0.48,0.24,,HR,2020-03-29,Croatia
Zadar County,-0.77,-0.51,-0.19,-0.75,-0.47,0.25,HR,2020-03-29,Croatia
Zagreb County,-0.85,-0.59,-0.64,-0.72,-0.53,0.15,HR,2020-03-29,Croatia
Šibenik-Knin County,-0.78,-0.47,-0.12,-0.67,-0.48,0.15,HR,2020-03-29,Croatia
Central Bohemian Region,-0.67,-0.2,0.09,-0.37,-0.29,0.11,CZ,2020-03-29,Czechia
Hradec Králové Region,-0.78,-0.3,-0.33,-0.69,-0.32,0.11,CZ,2020-03-29,Czechia
Karlovy Vary Region,-0.75,-0.38,-0.53,-0.7,-0.36,0.1,CZ,2020-03-29,Czechia
Liberec Region,-0.75,-0.24,-0.45,-0.66,-0.36,0.1,CZ,2020-03-29,Czechia
Moravian-Silesian Region,-0.72,-0.21,-0.14,-0.63,-0.27,0.1,CZ,2020-03-29,Czechia
Olomouc Region,-0.72,-0.27,-0.15,-0.74,-0.27,0.1,CZ,2020-03-29,Czechia
Pardubice Region,-0.74,-0.27,-0.01,-0.73,-0.28,0.1,CZ,2020-03-29,Czechia
Plzeň Region,-0.74,-0.29,-0.08,-0.55,-0.3,0.1,CZ,2020-03-29,Czechia
Prague,-0.77,-0.3,-0.58,-0.71,-0.38,0.15,CZ,2020-03-29,Czechia
South Bohemian Region,-0.72,-0.27,-0.17,-0.6,-0.29,0.09,CZ,2020-03-29,Czechia
South Moravian Region,-0.7,-0.24,0.05,-0.5,-0.28,0.11,CZ,2020-03-29,Czechia
Vysocina Region,-0.74,-0.21,0.27,-0.55,-0.28,0.1,CZ,2020-03-29,Czechia
Zlin Region,-0.71,-0.25,0.01,-0.65,-0.29,0.09,CZ,2020-03-29,Czechia
Ústí nad Labem Region,-0.71,-0.25,-0.28,-0.56,-0.26,0.09,CZ,2020-03-29,Czechia
Capital Region of Denmark,-0.48,-0.24,0.13,-0.67,-0.33,0.1,DK,2020-03-29,Denmark
Central Denmark Region,-0.34,-0.23,0.71,-0.55,-0.26,0.09,DK,2020-03-29,Denmark
North Denmark Region,-0.34,-0.16,0.32,-0.54,-0.26,0.08,DK,2020-03-29,Denmark
Region Zealand,-0.28,-0.17,0.54,-0.55,-0.25,0.08,DK,2020-03-29,Denmark
Region of Southern Denmark,-0.3,-0.22,0.23,-0.59,-0.28,0.09,DK,2020-03-29,Denmark
Harju County,-0.61,-0.29,0.02,-0.57,-0.34,0.11,EE,2020-03-29,Estonia
Hiiu County,,,,,,,EE,2020-03-29,Estonia
Ida-Viru County,-0.5,-0.22,-0.23,-0.35,-0.28,0.12,EE,2020-03-29,Estonia
Järva County,-0.41,-0.23,,,,,EE,2020-03-29,Estonia
Jõgeva County,-0.45,-0.24,,,,,EE,2020-03-29,Estonia
Lääne County,-0.53,-0.32,,,,,EE,2020-03-29,Estonia
Lääne-Viru County,-0.55,-0.2,,-0.2,0.05,,EE,2020-03-29,Estonia
Pärnu County,-0.67,-0.31,-0.17,-0.53,-0.36,0.2,EE,2020-03-29,Estonia
Põlva County,-0.77,-0.24,,,,,EE,2020-03-29,Estonia
Rapla County,-0.72,-0.23,,,,,EE,2020-03-29,Estonia
Saare County,-0.8,-0.4,,-0.57,,,EE,2020-03-29,Estonia
Tartu County,-0.65,-0.3,-0.13,-0.54,-0.35,0.23,EE,2020-03-29,Estonia
Valga County,-0.58,-0.3,,,,,EE,2020-03-29,Estonia
Viljandi County,-0.58,-0.26,,-0.13,,,EE,2020-03-29,Estonia
Võru County,-0.82,-0.2,,,,,EE,2020-03-29,Estonia
Central Finland,-0.48,-0.22,0.6,-0.7,-0.23,0.08,FI,2020-03-29,Finland
Central Ostrobothnia,-0.44,-0.13,,-0.21,0.15,,FI,2020-03-29,Finland
Kainuu,-0.54,-0.24,0.44,-0.64,-0.21,0.13,FI,2020-03-29,Finland
Kymenlaakso,-0.52,-0.21,0.65,-0.64,-0.17,0.08,FI,2020-03-29,Finland
Lapland,-0.62,-0.3,0.4,-0.71,-0.31,0.07,FI,2020-03-29,Finland
North Karelia,-0.54,-0.2,0.61,-0.54,-0.24,0.14,FI,2020-03-29,Finland
Northern Ostrobothnia,-0.51,-0.24,0.73,-0.55,-0.24,0.08,FI,2020-03-29,Finland
Northern Savonia,-0.56,-0.2,0.47,-0.53,-0.22,0.07,FI,2020-03-29,Finland
Ostrobothnia,-0.44,-0.16,0.7,-0.5,-0.21,0.08,FI,2020-03-29,Finland
Pirkanmaa,-0.53,-0.21,0.42,-0.53,-0.26,0.09,FI,2020-03-29,Finland
Päijänne Tavastia,-0.56,-0.22,0.84,-0.54,-0.25,0.08,FI,2020-03-29,Finland
Satakunta,-0.49,-0.22,0.34,-0.48,-0.19,0.08,FI,2020-03-29,Finland
South Karelia,-0.55,-0.26,0.46,-0.64,-0.25,0.15,FI,2020-03-29,Finland
Southern Ostrobothnia,-0.49,-0.2,0.5,-0.51,-0.2,0.09,FI,2020-03-29,Finland
Southern Savonia,-0.55,-0.18,0.59,-0.66,-0.23,0.14,FI,2020-03-29,Finland
Southwest Finland,-0.54,-0.22,0.15,-0.51,-0.25,0.09,FI,2020-03-29,Finland
Tavastia Proper,-0.53,-0.24,0.43,-0.62,-0.22,0.09,FI,2020-03-29,Finland
Uusimaa,-0.5,-0.2,0.39,-0.64,-0.28,0.1,FI,2020-03-29,Finland
Auvergne-Rhône-Alpes,-0.87,-0.74,-0.8,-0.89,-0.56,0.19,FR,2020-03-29,France
Bourgogne-Franche-Comté,-0.87,-0.77,-0.77,-0.88,-0.54,0.18,FR,2020-03-29,France
Brittany,-0.87,-0.76,-0.83,-0.88,-0.53,0.18,FR,2020-03-29,France
Centre-Val de Loire,-0.86,-0.75,-0.79,-0.88,-0.53,0.17,FR,2020-03-29,France
Corsica,-0.84,-0.67,-0.74,-0.83,-0.54,0.21,FR,2020-03-29,France
Grand Est,-0.89,-0.77,-0.81,-0.89,-0.59,0.17,FR,2020-03-29,France
Hauts-de-France,-0.88,-0.72,-0.84,-0.87,-0.56,0.17,FR,2020-03-29,France
Normandy,-0.86,-0.73,-0.78,-0.88,-0.53,0.17,FR,2020-03-29,France
Nouvelle-Aquitaine,-0.86,-0.76,-0.8,-0.86,-0.53,0.18,FR,2020-03-29,France
Occitanie,-0.86,-0.72,-0.73,-0.86,-0.53,0.18,FR,2020-03-29,France
Pays de la Loire,-0.88,-0.78,-0.8,-0.9,-0.54,0.18,FR,2020-03-29,France
Provence-Alpes-Côte d'Azur,-0.87,-0.68,-0.83,-0.85,-0.55,0.18,FR,2020-03-29,France
Île-de-France,-0.91,-0.69,-0.89,-0.87,-0.63,0.2,FR,2020-03-29,France
Baden-Württemberg,-0.79,-0.49,-0.55,-0.71,-0.43,0.12,DE,2020-03-29,Germany
Bavaria,-0.8,-0.49,-0.5,-0.73,-0.43,0.12,DE,2020-03-29,Germany
Berlin,-0.83,-0.55,-0.63,-0.7,-0.44,0.12,DE,2020-03-29,Germany
Brandenburg,-0.75,-0.52,-0.53,-0.63,-0.31,0.09,DE,2020-03-29,Germany
Bremen,-0.79,-0.54,-0.22,-0.74,-0.4,0.1,DE,2020-03-29,Germany
Hamburg,-0.8,-0.5,-0.34,-0.72,-0.42,0.12,DE,2020-03-29,Germany
Hesse,-0.74,-0.4,-0.26,-0.72,-0.41,0.1,DE,2020-03-29,Germany
Lower Saxony,-0.76,-0.52,-0.42,-0.64,-0.36,0.1,DE,2020-03-29,Germany
Mecklenburg-Vorpommern,-0.74,-0.48,-0.5,-0.64,-0.32,0.08,DE,2020-03-29,Germany
North Rhine-Westphalia,-0.77,-0.51,-0.5,-0.7,-0.38,0.11,DE,2020-03-29,Germany
Rhineland-Palatinate,-0.74,-0.4,-0.38,-0.71,-0.39,0.1,DE,2020-03-29,Germany
Saarland,-0.77,-0.56,-0.29,-0.71,-0.39,0.1,DE,2020-03-29,Germany
Saxony,-0.78,-0.51,-0.5,-0.66,-0.34,0.1,DE,2020-03-29,Germany
Saxony-Anhalt,-0.74,-0.48,-0.56,-0.65,-0.27,0.08,DE,2020-03-29,Germany
Schleswig-Holstein,-0.7,-0.53,-0.27,-0.58,-0.36,0.1,DE,2020-03-29,Germany
Thuringia,-0.75,-0.44,-0.5,-0.63,-0.32,0.08,DE,2020-03-29,Germany
Baranya,-0.7,-0.45,0.27,-0.45,-0.3,0.09,HU,2020-03-29,Hungary
Borsod-Abaúj-Zemplén,-0.59,-0.47,0.19,-0.38,-0.28,0.08,HU,2020-03-29,Hungary
Budapest,-0.74,-0.4,-0.38,-0.67,-0.39,0.12,HU,2020-03-29,Hungary
Bács-Kiskun,-0.62,-0.42,0.1,-0.47,-0.27,0.09,HU,2020-03-29,Hungary
Békés County,-0.54,-0.39,0.15,-0.43,-0.23,0.07,HU,2020-03-29,Hungary
Csongrád,-0.66,-0.4,-0.12,-0.39,-0.28,0.1,HU,2020-03-29,Hungary
Fejér,-0.58,-0.43,0.24,-0.48,-0.3,0.09,HU,2020-03-29,Hungary
Gyor-Moson-Sopron,-0.71,-0.48,-0.06,-0.51,-0.42,0.11,HU,2020-03-29,Hungary
Hajdú-Bihar,-0.63,-0.46,0.34,-0.52,-0.28,0.09,HU,2020-03-29,Hungary
Heves County,-0.62,-0.48,-0.35,-0.48,-0.34,0.12,HU,2020-03-29,Hungary
Jász-Nagykun-Szolnok,-0.52,-0.38,0.32,-0.49,-0.25,0.08,HU,2020-03-29,Hungary
Komárom-Esztergom,-0.57,-0.4,0.51,-0.46,-0.28,0.09,HU,2020-03-29,Hungary
Nógrád County,-0.51,-0.4,-0.29,-0.3,-0.24,0.15,HU,2020-03-29,Hungary
Pest County,-0.56,-0.42,0.57,-0.34,-0.31,0.1,HU,2020-03-29,Hungary
Somogy County,-0.58,-0.44,0.01,-0.44,-0.3,0.1,HU,2020-03-29,Hungary
Szabolcs-Szatmár-Bereg,-0.57,-0.52,0.04,-0.43,-0.25,0.07,HU,2020-03-29,Hungary
Tolna County,-0.5,-0.44,,-0.28,0.18,,HU,2020-03-29,Hungary
Vas County,-0.68,-0.5,0.19,-0.55,-0.38,0.13,HU,2020-03-29,Hungary
Veszprém,-0.57,-0.44,0.05,-0.43,-0.33,0.09,HU,2020-03-29,Hungary
Zala County,-0.66,-0.52,-0.25,-0.48,-0.35,0.11,HU,2020-03-29,Hungary
County Carlow,-0.83,-0.35,-0.52,-0.64,-0.48,0.09,IE,2020-03-29,Ireland
County Cavan,-0.81,-0.39,-0.41,-0.57,-0.45,0.21,IE,2020-03-29,Ireland
County Clare,-0.78,-0.3,-0.54,-0.74,-0.49,0.25,IE,2020-03-29,Ireland
County Cork,-0.81,-0.4,-0.54,-0.73,-0.51,0.19,IE,2020-03-29,Ireland
County Donegal,-0.81,-0.39,-0.49,-0.56,-0.47,0.21,IE,2020-03-29,Ireland
County Dublin,-0.85,-0.35,-0.64,-0.82,-0.58,0.21,IE,2020-03-29,Ireland
County Galway,-0.82,-0.36,-0.6,-0.68,-0.51,0.21,IE,2020-03-29,Ireland
County Kerry,-0.83,-0.44,-0.54,-0.76,-0.53,0.22,IE,2020-03-29,Ireland
County Kildare,-0.84,-0.36,-0.66,-0.71,-0.51,0.21,IE,2020-03-29,Ireland
County Kilkenny,-0.82,-0.37,-0.65,-0.77,-0.47,0.23,IE,2020-03-29,Ireland
County Laois,-0.79,-0.4,,-0.48,0.22,,IE,2020-03-29,Ireland
County Leitrim,-0.93,-0.41,,,,,IE,2020-03-29,Ireland
County Limerick,-0.82,-0.35,-0.57,-0.74,-0.46,0.21,IE,2020-03-29,Ireland
County Longford,-0.77,-0.4,,,,,IE,2020-03-29,Ireland
County Louth,-0.84,-0.39,-0.67,-0.84,-0.49,0.24,IE,2020-03-29,Ireland
County Mayo,-0.85,-0.44,-0.31,-0.78,-0.47,0.22,IE,2020-03-29,Ireland
County Meath,-0.8,-0.33,-0.54,-0.59,-0.49,0.21,IE,2020-03-29,Ireland
County Monaghan,-0.8,-0.43,,-0.49,0.18,,IE,2020-03-29,Ireland
County Offaly,-0.79,-0.38,-0.4,-0.65,-0.47,0.22,IE,2020-03-29,Ireland
County Roscommon,-0.86,-0.38,,0.18,,,IE,2020-03-29,Ireland
County Sligo,-0.89,-0.44,-0.48,-0.69,-0.44,0.09,IE,2020-03-29,Ireland
County Tipperary,-0.8,-0.36,-0.61,-0.73,-0.46,0.21,IE,2020-03-29,Ireland
County Waterford,-0.87,-0.45,-0.75,-0.77,-0.46,0.2,IE,2020-03-29,Ireland
County Westmeath,-0.85,-0.48,-0.45,-0.75,-0.52,0.24,IE,2020-03-29,Ireland
County Wexford,-0.83,-0.42,-0.7,-0.71,-0.52,0.22,IE,2020-03-29,Ireland
County Wicklow,-0.89,-0.4,-0.79,-0.76,-0.53,0.27,IE,2020-03-29,Ireland
Abruzzo,-0.94,-0.84,-0.89,-0.9,-0.63,0.24,IT,2020-03-29,Italy
Aosta,-0.95,-0.88,-0.91,-0.86,-0.67,0.36,IT,2020-03-29,Italy
Apulia,-0.94,-0.85,-0.88,-0.88,-0.64,0.25,IT,2020-03-29,Italy
Basilicata,-0.91,-0.84,-0.77,-0.86,-0.58,0.22,IT,2020-03-29,Italy
Calabria,-0.94,-0.92,-0.85,-0.9,-0.63,0.22,IT,2020-03-29,Italy
Campania,-0.94,-0.78,-0.91,-0.89,-0.67,0.23,IT,2020-03-29,Italy
Emilia-Romagna,-0.96,-0.94,-0.88,-0.88,-0.65,0.24,IT,2020-03-29,Italy
Friuli-Venezia Giulia,-0.95,-0.94,-0.9,-0.83,-0.59,0.24,IT,2020-03-29,Italy
Lazio,-0.94,-0.76,-0.9,-0.88,-0.62,0.24,IT,2020-03-29,Italy
Liguria,-0.94,-0.8,-0.91,-0.85,-0.6,0.23,IT,2020-03-29,Italy
Lombardy,-0.95,-0.81,-0.91,-0.89,-0.65,0.24,IT,2020-03-29,Italy
Marche,-0.95,-0.88,-0.91,-0.86,-0.64,0.26,IT,2020-03-29,Italy
Molise,-0.91,-0.82,-0.84,-0.8,-0.6,0.29,IT,2020-03-29,Italy
Piedmont,-0.94,-0.82,-0.89,-0.85,-0.59,0.23,IT,2020-03-29,Italy
Sardinia,-0.94,-0.92,-0.87,-0.81,-0.56,0.22,IT,2020-03-29,Italy
Sicily,-0.95,-0.93,-0.91,-0.89,-0.68,0.25,IT,2020-03-29,Italy
Trentino-South Tyrol,-0.96,-0.94,-0.93,-0.86,-0.65,0.25,IT,2020-03-29,Italy
Tuscany,-0.94,-0.84,-0.91,-0.85,-0.62,0.25,IT,2020-03-29,Italy
Umbria,-0.95,-0.89,-0.86,-0.81,-0.61,0.25,IT,2020-03-29,Italy
Veneto,-0.96,-0.95,-0.91,-0.89,-0.62,0.25,IT,2020-03-29,Italy
Aichi,-0.14,0.01,-0.11,-0.35,-0.05,0.06,JP,2020-03-29,Japan
Akita,-0.01,0.05,0.19,-0.2,0.0,0.03,JP,2020-03-29,Japan
Aomori,-0.11,0.01,0.11,-0.2,0.0,0.03,JP,2020-03-29,Japan
Chiba,-0.43,-0.21,-0.61,-0.53,-0.15,0.11,JP,2020-03-29,Japan
Ehime,-0.05,0.05,0.29,-0.12,0.0,0.03,JP,2020-03-29,Japan
Fukui,-0.13,0.05,-0.18,-0.19,-0.02,0.06,JP,2020-03-29,Japan
Fukuoka,-0.13,0.06,0.34,-0.34,-0.03,0.04,JP,2020-03-29,Japan
Fukushima,-0.21,-0.07,-0.51,-0.35,-0.04,0.07,JP,2020-03-29,Japan
Gifu,-0.14,0.03,-0.25,-0.32,-0.04,0.06,JP,2020-03-29,Japan
Gunma,-0.33,-0.15,-0.55,-0.49,-0.08,0.09,JP,2020-03-29,Japan
Hiroshima,-0.07,0.07,0.15,-0.24,-0.01,0.03,JP,2020-03-29,Japan
Hokkaido,-0.07,0.03,-0.02,-0.27,-0.05,0.03,JP,2020-03-29,Japan
Hyogo,-0.12,0.05,-0.1,-0.31,-0.04,0.05,JP,2020-03-29,Japan
Ibaraki,-0.31,-0.16,-0.6,-0.51,-0.1,0.1,JP,2020-03-29,Japan
Ishikawa,-0.08,0.08,-0.23,-0.3,-0.01,0.04,JP,2020-03-29,Japan
Iwate,-0.05,0.05,0.06,-0.19,0.01,0.03,JP,2020-03-29,Japan
Kagawa,-0.07,0.04,0.19,-0.22,-0.01,0.03,JP,2020-03-29,Japan
Kagoshima,-0.05,0.04,0.16,-0.15,0.04,0.02,JP,2020-03-29,Japan
Kanagawa,-0.55,-0.31,-0.66,-0.55,-0.23,0.13,JP,2020-03-29,Japan
Kochi,-0.03,0.03,0.23,-0.07,0.0,0.02,JP,2020-03-29,Japan
Kumamoto,-0.13,0.04,0.36,-0.14,-0.01,0.04,JP,2020-03-29,Japan
Kyoto,-0.1,0.07,0.12,-0.32,-0.03,0.04,JP,2020-03-29,Japan
Mie,-0.09,0.04,-0.2,-0.33,-0.01,0.05,JP,2020-03-29,Japan
Miyagi,-0.14,0.0,-0.37,-0.35,-0.02,0.05,JP,2020-03-29,Japan
Miyazaki,-0.07,0.07,0.04,-0.15,0.02,0.03,JP,2020-03-29,Japan
Nagano,-0.31,-0.11,-0.56,-0.44,-0.04,0.08,JP,2020-03-29,Japan
Nagasaki,-0.03,0.08,0.3,-0.12,0.03,0.02,JP,2020-03-29,Japan
Nara,-0.07,0.11,0.1,-0.27,-0.05,0.04,JP,2020-03-29,Japan
Niigata,-0.11,0.03,-0.22,-0.35,-0.03,0.05,JP,2020-03-29,Japan
Oita,-0.08,0.05,0.22,-0.17,-0.01,0.03,JP,2020-03-29,Japan
Okayama,-0.07,0.07,0.17,-0.18,0.0,0.03,JP,2020-03-29,Japan
Okinawa,-0.09,0.0,-0.14,-0.27,0.01,0.03,JP,2020-03-29,Japan
Osaka,-0.21,0.03,-0.08,-0.39,-0.07,0.06,JP,2020-03-29,Japan
Saga,-0.04,0.06,0.48,-0.19,0.0,0.03,JP,2020-03-29,Japan
Saitama,-0.51,-0.28,-0.61,-0.53,-0.2,0.12,JP,2020-03-29,Japan
Shiga,-0.06,0.07,-0.08,-0.25,-0.02,0.04,JP,2020-03-29,Japan
Shimane,0.01,0.06,0.45,0.04,0.05,0.01,JP,2020-03-29,Japan
Shizuoka,-0.17,-0.04,-0.47,-0.38,-0.06,0.07,JP,2020-03-29,Japan
Tochigi,-0.33,-0.16,-0.61,-0.46,-0.09,0.1,JP,2020-03-29,Japan
Tokushima,-0.04,0.03,0.27,-0.13,0.0,0.03,JP,2020-03-29,Japan
Tokyo,-0.63,-0.32,-0.66,-0.59,-0.27,0.14,JP,2020-03-29,Japan
Tottori,0.01,0.09,0.15,-0.13,0.02,0.02,JP,2020-03-29,Japan
Toyama,-0.06,0.07,-0.19,-0.26,0.0,0.04,JP,2020-03-29,Japan
Wakayama,-0.06,0.08,0.16,-0.21,-0.02,0.04,JP,2020-03-29,Japan
Yamagata,-0.03,0.06,-0.12,-0.27,-0.01,0.03,JP,2020-03-29,Japan
Yamaguchi,-0.04,0.09,0.49,-0.06,0.01,0.03,JP,2020-03-29,Japan
Yamanashi,-0.29,-0.13,-0.56,-0.51,-0.09,0.08,JP,2020-03-29,Japan
Alytus County,-0.71,-0.36,0.0,-0.7,-0.32,0.17,LT,2020-03-29,Lithuania
Kaunas County,-0.74,-0.4,-0.48,-0.68,-0.33,0.11,LT,2020-03-29,Lithuania
Klaipėda County,-0.73,-0.31,-0.43,-0.59,-0.36,0.11,LT,2020-03-29,Lithuania
Marijampolė County,-0.64,-0.39,-0.35,-0.41,-0.27,0.18,LT,2020-03-29,Lithuania
Panevėžys County,-0.7,-0.36,-0.32,-0.63,-0.26,0.07,LT,2020-03-29,Lithuania
Tauragė County,-0.6,-0.31,,-0.23,0.15,,LT,2020-03-29,Lithuania
Telšiai County,-0.67,-0.4,-0.18,-0.44,-0.24,0.17,LT,2020-03-29,Lithuania
Utena County,-0.63,-0.22,0.01,-0.35,-0.23,0.16,LT,2020-03-29,Lithuania
Vilnius County,-0.74,-0.41,-0.22,-0.67,-0.4,0.12,LT,2020-03-29,Lithuania
Šiauliai County,-0.73,-0.39,-0.41,-0.38,-0.3,0.07,LT,2020-03-29,Lithuania
Flacq District,-0.92,-0.89,-0.88,,0.08,,MU,2020-03-29,Mauritius
Grand Port District,-0.94,-0.9,-0.9,-0.94,-0.7,0.08,MU,2020-03-29,Mauritius
Moka District,-0.97,-0.76,,-0.65,0.08,,MU,2020-03-29,Mauritius
Pamplemousses District,-0.81,-0.82,-0.91,-0.81,-0.67,0.07,MU,2020-03-29,Mauritius
Plaines Wilhems District,-0.91,-0.88,,-0.71,0.37,,MU,2020-03-29,Mauritius
Port Louis District,-0.88,-0.89,-0.85,-0.87,-0.65,0.06,MU,2020-03-29,Mauritius
Rivière Noire District,-0.92,-0.88,-0.91,-0.82,-0.73,0.08,MU,2020-03-29,Mauritius
Rivière du Rempart District,-0.93,-0.93,-1.0,,0.08,,MU,2020-03-29,Mauritius
Rodrigues District,,,,,,,MU,2020-03-29,Mauritius
Savanne District,-0.91,-0.83,-0.28,,,,MU,2020-03-29,Mauritius
Drenthe,-0.61,-0.3,-0.27,-0.58,-0.29,0.09,NL,2020-03-29,Netherlands
Flevoland,-0.56,-0.25,-0.05,-0.63,-0.34,0.1,NL,2020-03-29,Netherlands
Friesland,-0.57,-0.28,-0.11,-0.51,-0.28,0.09,NL,2020-03-29,Netherlands
Gelderland,-0.66,-0.28,-0.29,-0.62,-0.33,0.1,NL,2020-03-29,Netherlands
Groningen,-0.65,-0.31,0.02,-0.63,-0.33,0.1,NL,2020-03-29,Netherlands
Limburg,-0.76,-0.34,-0.59,-0.65,-0.38,0.12,NL,2020-03-29,Netherlands
North Brabant,-0.68,-0.28,-0.33,-0.71,-0.34,0.12,NL,2020-03-29,Netherlands
North Holland,-0.66,-0.31,-0.35,-0.78,-0.4,0.12,NL,2020-03-29,Netherlands
Overijssel,-0.67,-0.29,-0.25,-0.66,-0.34,0.11,NL,2020-03-29,Netherlands
South Holland,-0.6,-0.26,-0.22,-0.64,-0.35,0.11,NL,2020-03-29,Netherlands
Utrecht,-0.6,-0.32,-0.17,-0.7,-0.36,0.11,NL,2020-03-29,Netherlands
Zeeland,-0.69,-0.4,-0.46,-0.57,-0.31,0.1,NL,2020-03-29,Netherlands
Auckland,-0.89,-0.55,-0.7,-0.83,-0.64,0.25,NZ,2020-03-29,New Zealand
Bay Of Plenty,-0.92,-0.51,-0.86,-0.83,-0.52,0.22,NZ,2020-03-29,New Zealand
Canterbury,-0.9,-0.56,-0.83,-0.9,-0.6,0.22,NZ,2020-03-29,New Zealand
Gisborne,-1.0,-0.48,-0.88,,,,NZ,2020-03-29,New Zealand
Hawke's Bay,-0.94,-0.53,-0.78,-0.84,-0.51,0.31,NZ,2020-03-29,New Zealand
Manawatu-Wanganui,-0.93,-0.5,-0.76,-0.84,-0.54,0.33,NZ,2020-03-29,New Zealand
Marlborough,-0.92,-0.6,-0.83,-0.91,-0.25,0.0,NZ,2020-03-29,New Zealand
Nelson,-1.0,-0.6,-0.81,,0.04,,NZ,2020-03-29,New Zealand
Northland,-0.93,-0.55,-0.86,-0.86,-0.52,0.32,NZ,2020-03-29,New Zealand
Otago,-0.95,-0.62,-0.82,-0.91,-0.64,0.39,NZ,2020-03-29,New Zealand
Southland,-0.96,-0.53,-0.83,,0.17,,NZ,2020-03-29,New Zealand
Taranaki,-0.95,-0.52,-0.86,,0.17,,NZ,2020-03-29,New Zealand
Tasman,-0.9,-0.67,-0.89,,,,NZ,2020-03-29,New Zealand
Waikato,-0.94,-0.55,-0.84,-0.82,-0.57,0.23,NZ,2020-03-29,New Zealand
Wellington,-0.93,-0.54,-0.63,-0.84,-0.62,0.2,NZ,2020-03-29,New Zealand
West Coast,-1.0,-0.61,-0.87,,,,NZ,2020-03-29,New Zealand
Agder,-0.59,-0.21,-0.01,-0.39,-0.31,0.09,NO,2020-03-29,Norway
Innlandet,-0.66,-0.37,-0.08,-0.54,-0.32,0.1,NO,2020-03-29,Norway
Møre og Romsdal,-0.73,-0.38,-0.4,-0.67,-0.29,0.1,NO,2020-03-29,Norway
Nordland,-0.61,-0.18,0.24,-0.71,-0.24,0.08,NO,2020-03-29,Norway
Oslo,-0.68,-0.26,-0.07,-0.64,-0.45,0.14,NO,2020-03-29,Norway
Rogaland,-0.61,-0.38,0.04,-0.58,-0.35,0.11,NO,2020-03-29,Norway
Troms Og Finnmark,-0.74,-0.46,-0.24,-0.71,-0.32,0.1,NO,2020-03-29,Norway
Trondelag,-0.74,-0.41,-0.15,-0.68,-0.37,0.13,NO,2020-03-29,Norway
Vestfold Og Telemark,-0.59,-0.23,0.13,-0.52,-0.3,0.1,NO,2020-03-29,Norway
Vestland,-0.71,-0.47,-0.31,-0.66,-0.36,0.12,NO,2020-03-29,Norway
Viken,-0.56,-0.21,0.24,-0.59,-0.33,0.11,NO,2020-03-29,Norway
Greater Poland Voivodeship,-0.8,-0.61,-0.62,-0.73,-0.37,0.13,PL,2020-03-29,Poland
Kuyavian-Pomeranian Voivodeship,-0.79,-0.63,-0.73,-0.78,-0.33,0.12,PL,2020-03-29,Poland
Lesser Poland Voivodeship,-0.84,-0.65,-0.69,-0.78,-0.41,0.14,PL,2020-03-29,Poland
Lower Silesian Voivodeship,-0.82,-0.65,-0.71,-0.77,-0.38,0.13,PL,2020-03-29,Poland
Lublin Voivodeship,-0.71,-0.44,-0.25,-0.71,-0.32,0.12,PL,2020-03-29,Poland
Lubusz Voivodeship,-0.77,-0.65,-0.55,-0.72,-0.37,0.12,PL,2020-03-29,Poland
Masovian Voivodeship,-0.77,-0.54,-0.6,-0.7,-0.35,0.13,PL,2020-03-29,Poland
Opole Voivodeship,-0.79,-0.62,-0.55,-0.72,-0.37,0.12,PL,2020-03-29,Poland
Podkarpackie Voivodeship,-0.71,-0.46,-0.11,-0.71,-0.36,0.13,PL,2020-03-29,Poland
Podlaskie Voivodeship,-0.75,-0.47,-0.17,-0.6,-0.32,0.11,PL,2020-03-29,Poland
Pomeranian Voivodeship,-0.82,-0.64,-0.78,-0.78,-0.38,0.14,PL,2020-03-29,Poland
Silesian Voivodeship,-0.77,-0.58,-0.5,-0.65,-0.35,0.13,PL,2020-03-29,Poland
Swietokrzyskie,-0.74,-0.44,-0.26,-0.67,-0.34,0.12,PL,2020-03-29,Poland
Warmian-Masurian Voivodeship,-0.77,-0.6,-0.63,-0.73,-0.35,0.11,PL,2020-03-29,Poland
West Pomeranian Voivodeship,-0.8,-0.66,-0.76,-0.69,-0.39,0.12,PL,2020-03-29,Poland
Łódź Voivodeship,-0.74,-0.55,-0.49,-0.66,-0.29,0.13,PL,2020-03-29,Poland
Aveiro District,-0.83,-0.61,-0.84,-0.83,-0.53,0.24,PT,2020-03-29,Portugal
Azores,-0.83,-0.56,-0.66,-0.87,-0.47,0.18,PT,2020-03-29,Portugal
Beja District,-0.83,-0.59,-0.6,,0.24,,PT,2020-03-29,Portugal
Braga,-0.83,-0.6,-0.82,-0.76,-0.52,0.24,PT,2020-03-29,Portugal
Bragança District,-0.85,-0.66,-0.57,-0.78,-0.52,0.18,PT,2020-03-29,Portugal
Castelo Branco District,-0.81,-0.61,-0.65,-0.76,-0.48,0.31,PT,2020-03-29,Portugal
Coimbra District,-0.83,-0.61,-0.8,-0.77,-0.48,0.23,PT,2020-03-29,Portugal
Faro District,-0.83,-0.6,-0.78,-0.82,-0.54,0.21,PT,2020-03-29,Portugal
Guarda District,-0.86,-0.64,-0.75,-0.68,-0.46,0.28,PT,2020-03-29,Portugal
Leiria District,-0.85,-0.62,-0.85,-0.81,-0.5,0.23,PT,2020-03-29,Portugal
Lisbon,-0.84,-0.58,-0.82,-0.79,-0.56,0.22,PT,2020-03-29,Portugal
Madeira,-0.89,-0.63,-0.86,-0.77,-0.6,0.27,PT,2020-03-29,Portugal
Portalegre District,-0.85,-0.63,-0.7,,0.24,,PT,2020-03-29,Portugal
Porto District,-0.84,-0.59,-0.82,-0.79,-0.54,0.23,PT,2020-03-29,Portugal
Santarém District,-0.83,-0.59,-0.77,-0.81,-0.46,0.2,PT,2020-03-29,Portugal
Setubal,-0.82,-0.56,-0.78,-0.74,-0.54,0.2,PT,2020-03-29,Portugal
Viana do Castelo District,-0.85,-0.68,-0.76,-0.76,-0.51,0.26,PT,2020-03-29,Portugal
Vila Real District,-0.86,-0.64,-0.71,-0.72,-0.52,0.33,PT,2020-03-29,Portugal
Viseu District,-0.82,-0.6,-0.65,-0.61,-0.48,0.22,PT,2020-03-29,Portugal
Évora District,-0.83,-0.59,-0.78,-0.77,-0.48,0.29,PT,2020-03-29,Portugal
Alba County,-0.83,-0.58,-0.49,-0.62,-0.45,0.12,RO,2020-03-29,Romania
Arad County,-0.81,-0.55,-0.45,-0.69,-0.38,0.15,RO,2020-03-29,Romania
Argeș County,-0.79,-0.54,-0.45,-0.73,-0.36,0.15,RO,2020-03-29,Romania
Bacău County,-0.8,-0.55,-0.47,-0.77,-0.38,0.15,RO,2020-03-29,Romania
Bihor County,-0.8,-0.59,-0.39,-0.64,-0.38,0.14,RO,2020-03-29,Romania
Bistrița-Năsăud County,-0.82,-0.64,-0.64,-0.64,-0.43,0.17,RO,2020-03-29,Romania
Botoșani County,-0.77,-0.51,-0.06,-0.67,-0.38,0.14,RO,2020-03-29,Romania
Brașov County,-0.85,-0.61,-0.79,-0.79,-0.43,0.17,RO,2020-03-29,Romania
Brăila County,-0.78,-0.47,-0.71,-0.7,-0.31,0.15,RO,2020-03-29,Romania
Bucharest,-0.85,-0.5,-0.86,-0.74,-0.45,0.18,RO,2020-03-29,Romania
Buzău County,-0.76,-0.56,-0.5,-0.59,-0.29,0.15,RO,2020-03-29,Romania
Caraș-Severin County,-0.77,-0.56,-0.53,-0.69,-0.41,0.19,RO,2020-03-29,Romania
Cluj County,-0.85,-0.62,-0.66,-0.77,-0.45,0.17,RO,2020-03-29,Romania
Constanța County,-0.8,-0.49,-0.72,-0.69,-0.37,0.16,RO,2020-03-29,Romania
Covasna County,-0.85,-0.61,-0.6,-0.61,-0.36,0.2,RO,2020-03-29,Romania
Călărași County,-0.65,-0.5,-0.53,-0.6,-0.24,0.14,RO,2020-03-29,Romania
Dolj County,-0.78,-0.53,-0.58,-0.67,-0.32,0.14,RO,2020-03-29,Romania
Dâmbovița County,-0.76,-0.52,-0.5,-0.61,-0.32,0.14,RO,2020-03-29,Romania
Galați,-0.8,-0.51,-0.66,-0.71,-0.38,0.16,RO,2020-03-29,Romania
Giurgiu County,-0.63,-0.38,-0.37,-0.45,-0.19,0.14,RO,2020-03-29,Romania
Gorj County,-0.73,-0.48,-0.5,-0.67,-0.36,0.15,RO,2020-03-29,Romania
Harghita County,-0.79,-0.65,-0.6,-0.6,-0.4,0.18,RO,2020-03-29,Romania
Hunedoara County,-0.82,-0.53,-0.66,-0.67,-0.44,0.14,RO,2020-03-29,Romania
Ialomița County,-0.62,-0.49,-0.47,-0.63,-0.28,0.17,RO,2020-03-29,Romania
Iași County,-0.82,-0.53,-0.57,-0.73,-0.39,0.17,RO,2020-03-29,Romania
Ilfov County,-0.78,-0.47,-0.61,-0.78,-0.39,0.16,RO,2020-03-29,Romania
Maramureș County,-0.81,-0.58,-0.44,-0.67,-0.44,0.13,RO,2020-03-29,Romania
Mehedinți County,-0.78,-0.48,-0.51,-0.64,-0.33,0.2,RO,2020-03-29,Romania
Mureș County,-0.81,-0.58,-0.61,-0.68,-0.37,0.14,RO,2020-03-29,Romania
Neamț County,-0.8,-0.55,-0.62,-0.79,-0.39,0.16,RO,2020-03-29,Romania
Olt County,-0.7,-0.46,-0.53,-0.66,-0.35,0.13,RO,2020-03-29,Romania
Prahova,-0.81,-0.56,-0.72,-0.73,-0.36,0.14,RO,2020-03-29,Romania
Satu Mare County,-0.82,-0.58,-0.39,-0.72,-0.4,0.13,RO,2020-03-29,Romania
Sibiu,-0.83,-0.63,-0.7,-0.73,-0.42,0.15,RO,2020-03-29,Romania
Suceava County,-0.85,-0.65,-0.49,-0.78,-0.48,0.17,RO,2020-03-29,Romania
Sălaj,-0.82,-0.5,-0.55,-0.64,-0.36,0.16,RO,2020-03-29,Romania
Teleorman County,-0.56,-0.47,-0.21,-0.55,-0.24,0.13,RO,2020-03-29,Romania
Timiș County,-0.83,-0.54,-0.71,-0.74,-0.42,0.16,RO,2020-03-29,Romania
Tulcea County,-0.79,-0.53,-0.6,-0.71,-0.33,0.16,RO,2020-03-29,Romania
Vaslui County,-0.76,-0.53,-0.28,-0.68,-0.37,0.13,RO,2020-03-29,Romania
Vrancea County,-0.81,-0.56,-0.36,-0.74,-0.37,0.17,RO,2020-03-29,Romania
Vâlcea County,-0.78,-0.52,-0.5,-0.66,-0.36,0.14,RO,2020-03-29,Romania
Banská Bystrica Region,-0.81,-0.88,0.05,-0.59,-0.36,0.09,SK,2020-03-29,Slovakia
Bratislava Region,-0.83,-0.91,-0.03,-0.64,-0.4,0.12,SK,2020-03-29,Slovakia
Košice Region,-0.81,-0.9,0.67,-0.6,-0.34,0.09,SK,2020-03-29,Slovakia
Nitra Region,-0.81,-0.9,0.29,-0.58,-0.36,0.09,SK,2020-03-29,Slovakia
Prešov Region,-0.82,-0.9,-0.55,-0.71,-0.41,0.1,SK,2020-03-29,Slovakia
Trenčín Region,-0.78,-0.88,0.03,-0.57,-0.4,0.09,SK,2020-03-29,Slovakia
Trnava Region,-0.81,-0.89,0.45,-0.62,-0.38,0.1,SK,2020-03-29,Slovakia
Žilina Region,-0.83,-0.88,-0.25,-0.68,-0.41,0.1,SK,2020-03-29,Slovakia
Administrative unit Maribor,-0.9,-0.95,-0.53,-0.69,-0.45,0.27,SI,2020-03-29,Slovenia
Ajdovščina,-0.86,-0.41,,-0.56,,,SI,2020-03-29,Slovenia
Brežice,-0.91,-0.55,,,,,SI,2020-03-29,Slovenia
Celje,-0.88,-0.94,-0.58,-0.52,-0.39,0.11,SI,2020-03-29,Slovenia
Cerknica,-0.83,,,,,,SI,2020-03-29,Slovenia
Domžale,-0.89,-0.89,,-0.39,0.22,,SI,2020-03-29,Slovenia
Dravograd,-0.7,,,,,,SI,2020-03-29,Slovenia
Gornja Radgona,-0.88,-0.33,,,,,SI,2020-03-29,Slovenia
Grosuplje,-0.9,-0.43,,0.02,,,SI,2020-03-29,Slovenia
Idrija,-0.66,-0.45,,,,,SI,2020-03-29,Slovenia
Ilirska Bistrica,-0.8,,,,,,SI,2020-03-29,Slovenia
Izola,-0.84,-0.33,,,,,SI,2020-03-29,Slovenia
Jesenice,-0.9,-0.53,-0.67,-0.61,-0.53,,SI,2020-03-29,Slovenia
Kamnik,-0.95,-0.47,,0.02,,,SI,2020-03-29,Slovenia
Koper,-0.92,-0.85,-0.63,-0.73,-0.47,0.13,SI,2020-03-29,Slovenia
Kočevje,-0.73,-0.51,,,,,SI,2020-03-29,Slovenia
Kranj,-0.9,-0.91,,-0.52,0.3,,SI,2020-03-29,Slovenia
Krško,-0.71,-0.54,,,,,SI,2020-03-29,Slovenia
Laško,-0.8,-0.51,,,,,SI,2020-03-29,Slovenia
Lenart,-0.89,-0.41,,,,,SI,2020-03-29,Slovenia
Lendava,-0.78,-0.55,,,,,SI,2020-03-29,Slovenia
Litija,-0.77,-0.35,,,,,SI,2020-03-29,Slovenia
Ljubljana,-0.87,-0.91,-0.51,-0.58,-0.44,0.15,SI,2020-03-29,Slovenia
Ljutomer,-0.88,-0.48,,,,,SI,2020-03-29,Slovenia
Logatec,-0.88,-0.47,,-0.53,,,SI,2020-03-29,Slovenia
Metlika,,,,,,,SI,2020-03-29,Slovenia
Mozirje,-0.8,-0.45,,,,,SI,2020-03-29,Slovenia
Municipality of Hrastnik,,,,,,,SI,2020-03-29,Slovenia
Murska Sobota,-0.9,-0.39,,-0.5,0.01,,SI,2020-03-29,Slovenia
Nova Gorica,-0.89,-0.49,,-0.52,0.02,,SI,2020-03-29,Slovenia
Novo Mesto,-0.9,-0.45,,0.19,,,SI,2020-03-29,Slovenia
Ormož,-0.61,-0.5,,,,,SI,2020-03-29,Slovenia
Pesnica,-0.83,,,,,,SI,2020-03-29,Slovenia
Piran,-0.9,-0.81,-0.53,,,,SI,2020-03-29,Slovenia
Postojna,-0.73,-0.46,,-0.51,,,SI,2020-03-29,Slovenia
Ptuj,-0.95,-0.92,,-0.37,0.18,,SI,2020-03-29,Slovenia
Radlje ob Dravi,-0.81,-0.45,,,,,SI,2020-03-29,Slovenia
Radovljica,-0.94,-0.5,-0.62,-0.61,-0.61,,SI,2020-03-29,Slovenia
Ravne na Koroškem,-0.76,-0.41,,,,,SI,2020-03-29,Slovenia
Ribnica,,,,,,,SI,2020-03-29,Slovenia
Ruše,-0.78,,,,,,SI,2020-03-29,Slovenia
Sevnica,-0.85,-0.4,,,,,SI,2020-03-29,Slovenia
Sežana,-0.95,-0.57,,,,,SI,2020-03-29,Slovenia
Slovenj Gradec,-0.86,-0.57,,,,,SI,2020-03-29,Slovenia
Slovenska Bistrica,-1.0,-0.49,,,,,SI,2020-03-29,Slovenia
Slovenske Konjice,-0.91,-0.36,,,,,SI,2020-03-29,Slovenia
Tolmin,-0.68,-0.49,,,,,SI,2020-03-29,Slovenia
Trbovlje,-0.86,-0.41,,,,,SI,2020-03-29,Slovenia
Trebnje,-0.92,-0.49,,,,,SI,2020-03-29,Slovenia
Tržič,-0.84,-0.44,,,,,SI,2020-03-29,Slovenia
Velenje,-0.93,-0.58,,-0.47,0.0,,SI,2020-03-29,Slovenia
Vrhnika,-0.88,-0.42,,,,,SI,2020-03-29,Slovenia
Zagorje ob Savi,-0.76,-0.45,,,,,SI,2020-03-29,Slovenia
Črnomelj,-0.7,-0.47,,,,,SI,2020-03-29,Slovenia
Šentjur,-0.74,-0.44,,,,,SI,2020-03-29,Slovenia
Škofja Loka,-0.9,-0.43,,-0.64,0.01,,SI,2020-03-29,Slovenia
Šmarje pri Jelšah,-0.82,-0.6,0.02,,,,SI,2020-03-29,Slovenia
Žalec,-1.0,-0.42,,0.0,,,SI,2020-03-29,Slovenia
Andalusia,-0.94,-0.81,-0.88,-0.9,-0.65,0.21,ES,2020-03-29,Spain
Aragon,-0.92,-0.75,-0.87,-0.9,-0.64,0.2,ES,2020-03-29,Spain
Asturias,-0.94,-0.78,-0.88,-0.8,-0.63,0.23,ES,2020-03-29,Spain
Balearic Islands,-0.92,-0.68,-0.9,-0.88,-0.61,0.22,ES,2020-03-29,Spain
Basque Country,-0.94,-0.77,-0.93,-0.88,-0.63,0.22,ES,2020-03-29,Spain
Canary Islands,-0.94,-0.75,-0.92,-0.87,-0.66,0.2,ES,2020-03-29,Spain
Cantabria,-0.94,-0.76,-0.92,-0.89,-0.61,0.23,ES,2020-03-29,Spain
Castile and León,-0.94,-0.78,-0.84,-0.89,-0.62,0.22,ES,2020-03-29,Spain
Castile-La Mancha,-0.93,-0.77,-0.84,-0.89,-0.63,0.21,ES,2020-03-29,Spain
Catalonia,-0.94,-0.75,-0.9,-0.88,-0.64,0.21,ES,2020-03-29,Spain
Ceuta,-0.89,-0.78,-0.91,,0.04,,ES,2020-03-29,Spain
Community of Madrid,-0.94,-0.72,-0.92,-0.89,-0.65,0.22,ES,2020-03-29,Spain
Extremadura,-0.93,-0.75,-0.79,-0.87,-0.6,0.22,ES,2020-03-29,Spain
Galicia,-0.92,-0.77,-0.84,-0.88,-0.59,0.24,ES,2020-03-29,Spain
La Rioja,-0.94,-0.75,-0.9,-0.9,-0.65,0.23,ES,2020-03-29,Spain
Melilla,-0.92,-0.86,-0.9,-0.87,-0.59,-0.02,ES,2020-03-29,Spain
Navarre,-0.93,-0.77,-0.88,-0.9,-0.61,0.23,ES,2020-03-29,Spain
Region of Murcia,-0.94,-0.85,-0.9,-0.86,-0.63,0.24,ES,2020-03-29,Spain
Valencian Community,-0.95,-0.84,-0.92,-0.9,-0.66,0.22,ES,2020-03-29,Spain
Blekinge County,-0.06,-0.05,0.26,-0.23,-0.18,0.09,SE,2020-03-29,Sweden
Dalarna County,-0.34,-0.15,0.01,-0.3,-0.17,0.05,SE,2020-03-29,Sweden
Gavleborg County,-0.27,-0.1,0.1,-0.27,-0.14,0.05,SE,2020-03-29,Sweden
Gotland County,-0.12,-0.06,,-0.1,0.07,,SE,2020-03-29,Sweden
Halland County,-0.13,-0.07,0.74,-0.25,-0.14,0.05,SE,2020-03-29,Sweden
Jamtland County,-0.41,-0.25,0.03,-0.46,-0.16,0.08,SE,2020-03-29,Sweden
Jonkoping County,-0.24,-0.07,0.3,-0.29,-0.23,0.06,SE,2020-03-29,Sweden
Kalmar County,-0.11,-0.05,0.21,-0.27,-0.13,0.05,SE,2020-03-29,Sweden
Kronoberg County,-0.19,-0.06,-0.51,-0.35,-0.17,0.08,SE,2020-03-29,Sweden
Norrbotten County,-0.3,-0.14,0.6,-0.38,-0.15,0.02,SE,2020-03-29,Sweden
Skåne County,-0.23,-0.08,0.23,-0.43,-0.16,0.06,SE,2020-03-29,Sweden
Stockholm County,-0.31,-0.14,0.24,-0.45,-0.21,0.07,SE,2020-03-29,Sweden
Södermanland County,-0.18,-0.07,0.46,-0.41,-0.19,0.05,SE,2020-03-29,Sweden
Uppsala County,-0.27,-0.09,0.35,-0.36,-0.18,0.07,SE,2020-03-29,Sweden
Varmland County,-0.28,-0.11,0.0,-0.25,-0.13,0.05,SE,2020-03-29,Sweden
Västerbotten County,-0.27,-0.1,0.34,-0.32,-0.18,0.03,SE,2020-03-29,Sweden
Västernorrland County,-0.26,-0.09,-0.14,-0.26,-0.17,0.04,SE,2020-03-29,Sweden
Västmanland County,-0.18,-0.07,-0.25,-0.32,-0.17,0.05,SE,2020-03-29,Sweden
Västra Götaland County,-0.24,-0.09,0.38,-0.34,-0.18,0.06,SE,2020-03-29,Sweden
Örebro County,-0.18,-0.07,0.59,-0.28,-0.18,0.05,SE,2020-03-29,Sweden
Östergötland County,-0.18,-0.12,0.6,-0.33,-0.17,0.05,SE,2020-03-29,Sweden
Aargau,-0.75,-0.35,-0.14,-0.56,-0.41,0.13,CH,2020-03-29,Switzerland
Appenzell Ausserrhoden,-0.77,0.03,,-0.29,,,CH,2020-03-29,Switzerland
Appenzell Innerrhoden,-0.57,,,,,,CH,2020-03-29,Switzerland
Basel City,-0.89,-0.41,-0.65,-0.76,-0.48,0.25,CH,2020-03-29,Switzerland
Basel-Landschaft,-0.77,-0.21,-0.25,-0.61,-0.4,0.23,CH,2020-03-29,Switzerland
Canton of Bern,-0.8,-0.53,-0.36,-0.68,-0.43,0.14,CH,2020-03-29,Switzerland
Canton of Zug,-0.75,-0.02,,-0.45,0.27,,CH,2020-03-29,Switzerland
Fribourg,-0.82,-0.44,-0.41,-0.62,-0.42,0.2,CH,2020-03-29,Switzerland
Geneva,-0.82,-0.6,-0.4,-0.84,-0.54,0.21,CH,2020-03-29,Switzerland
Glarus,-0.92,-0.19,,-0.33,,,CH,2020-03-29,Switzerland
Grisons,-0.89,-0.78,-0.59,-0.78,-0.57,0.2,CH,2020-03-29,Switzerland
Jura,-0.91,-0.32,,-0.43,0.14,,CH,2020-03-29,Switzerland
Lucerne,-0.82,-0.38,-0.5,-0.66,-0.4,0.16,CH,2020-03-29,Switzerland
Neuchâtel,-0.78,-0.48,-0.18,-0.58,-0.46,0.28,CH,2020-03-29,Switzerland
Nidwalden,-0.74,-0.02,-0.73,-0.78,-0.46,,CH,2020-03-29,Switzerland
Obwalden,-0.63,-0.16,-0.49,-0.79,-0.4,,CH,2020-03-29,Switzerland
Schaffhausen,-0.9,-0.5,,-0.41,0.02,,CH,2020-03-29,Switzerland
Schwyz,-0.72,-0.55,-0.45,-0.66,-0.44,0.23,CH,2020-03-29,Switzerland
Solothurn,-0.77,-0.35,-0.13,-0.63,-0.38,0.15,CH,2020-03-29,Switzerland
St. Gallen,-0.8,-0.44,-0.29,-0.58,-0.42,0.14,CH,2020-03-29,Switzerland
Thurgau,-0.79,-0.3,-0.44,-0.61,-0.4,0.15,CH,2020-03-29,Switzerland
Ticino,-0.85,-0.69,-0.51,-0.64,-0.49,0.21,CH,2020-03-29,Switzerland
Uri,-0.89,-0.13,,-0.44,,,CH,2020-03-29,Switzerland
Valais,-0.87,-0.67,-0.61,-0.75,-0.57,0.17,CH,2020-03-29,Switzerland
Vaud,-0.79,-0.49,-0.42,-0.68,-0.5,0.17,CH,2020-03-29,Switzerland
Zurich,-0.82,-0.44,-0.53,-0.73,-0.47,0.16,CH,2020-03-29,Switzerland
Alabama,-0.41,-0.13,0.19,-0.3,-0.32,0.09,US,2020-03-29,US
Alaska,-0.48,-0.27,0.18,-0.55,-0.33,0.1,US,2020-03-29,US
Arizona,-0.4,-0.17,-0.07,-0.41,-0.33,0.1,US,2020-03-29,US
Arkansas,-0.29,-0.07,0.81,-0.22,-0.27,0.07,US,2020-03-29,US
California,-0.5,-0.24,-0.38,-0.54,-0.39,0.15,US,2020-03-29,US
Colorado,-0.51,-0.27,-0.12,-0.6,-0.4,0.13,US,2020-03-29,US
Connecticut,-0.56,-0.32,-0.52,-0.64,-0.38,0.15,US,2020-03-29,US
Delaware,-0.47,-0.28,-0.06,-0.57,-0.37,0.12,US,2020-03-29,US
District of Columbia,-0.64,-0.3,-0.41,-0.68,-0.47,0.14,US,2020-03-29,US
Florida,-0.5,-0.26,-0.48,-0.63,-0.41,0.13,US,2020-03-29,US
Georgia,-0.42,-0.17,-0.02,-0.52,-0.37,0.11,US,2020-03-29,US
Hawaii,-0.56,-0.36,-0.65,-0.72,-0.45,0.16,US,2020-03-29,US
Idaho,-0.42,-0.18,0.25,-0.34,-0.38,0.1,US,2020-03-29,US
Illinois,-0.53,-0.24,-0.29,-0.55,-0.39,0.13,US,2020-03-29,US
Indiana,-0.48,-0.25,0.24,-0.34,-0.36,0.11,US,2020-03-29,US
Iowa,-0.43,-0.1,0.41,-0.28,-0.29,0.1,US,2020-03-29,US
Kansas,-0.36,-0.14,0.72,-0.2,-0.3,0.09,US,2020-03-29,US
Kentucky,-0.37,-0.11,0.68,-0.34,-0.34,0.09,US,2020-03-29,US
Louisiana,-0.45,-0.16,-0.18,-0.49,-0.35,0.11,US,2020-03-29,US
Maine,-0.5,-0.22,-0.24,-0.56,-0.31,0.1,US,2020-03-29,US
Maryland,-0.45,-0.25,0.29,-0.51,-0.39,0.13,US,2020-03-29,US
Massachusetts,-0.59,-0.36,-0.56,-0.73,-0.42,0.16,US,2020-03-29,US
Michigan,-0.58,-0.28,0.15,-0.55,-0.43,0.12,US,2020-03-29,US
Minnesota,-0.58,-0.35,-0.16,-0.64,-0.38,0.14,US,2020-03-29,US
Mississippi,-0.32,-0.07,0.27,-0.29,-0.3,0.09,US,2020-03-29,US
Missouri,-0.38,-0.12,0.73,-0.34,-0.32,0.09,US,2020-03-29,US
Montana,-0.51,-0.25,0.28,-0.37,-0.37,0.1,US,2020-03-29,US
Nebraska,-0.34,-0.09,1.09,-0.18,-0.24,0.08,US,2020-03-29,US
Nevada,-0.47,-0.23,-0.38,-0.62,-0.52,0.14,US,2020-03-29,US
New Hampshire,-0.58,-0.35,-0.63,-0.63,-0.38,0.13,US,2020-03-29,US
New Jersey,-0.59,-0.33,-0.36,-0.7,-0.44,0.16,US,2020-03-29,US
New Mexico,-0.44,-0.18,-0.12,-0.31,-0.34,0.11,US,2020-03-29,US
New York,-0.62,-0.32,-0.47,-0.68,-0.46,0.16,US,2020-03-29,US
North Carolina,-0.4,-0.15,0.13,-0.51,-0.35,0.1,US,2020-03-29,US
North Dakota,-0.44,-0.13,0.73,-0.36,-0.24,0.09,US,2020-03-29,US
Ohio,-0.43,-0.19,1.17,-0.33,-0.35,0.1,US,2020-03-29,US
Oklahoma,-0.36,-0.12,0.29,-0.23,-0.32,0.09,US,2020-03-29,US
Oregon,-0.51,-0.25,-0.22,-0.47,-0.38,0.12,US,2020-03-29,US
Pennsylvania,-0.5,-0.27,0.07,-0.52,-0.38,0.12,US,2020-03-29,US
Rhode Island,-0.55,-0.3,-0.5,-0.67,-0.37,0.14,US,2020-03-29,US
South Carolina,-0.38,-0.11,-0.04,-0.34,-0.34,0.09,US,2020-03-29,US
South Dakota,-0.35,-0.03,1.26,-0.31,-0.25,0.08,US,2020-03-29,US
Tennessee,-0.35,-0.09,0.35,-0.35,-0.34,0.08,US,2020-03-29,US
Texas,-0.45,-0.23,-0.27,-0.47,-0.36,0.13,US,2020-03-29,US
Utah,-0.41,-0.14,0.26,-0.44,-0.4,0.1,US,2020-03-29,US
Vermont,-0.62,-0.42,-0.55,-0.71,-0.43,0.13,US,2020-03-29,US
Virginia,-0.39,-0.16,0.46,-0.5,-0.36,0.11,US,2020-03-29,US
Washington,-0.48,-0.26,-0.11,-0.56,-0.41,0.13,US,2020-03-29,US
West Virginia,-0.38,-0.16,0.52,-0.31,-0.33,0.08,US,2020-03-29,US
Wisconsin,-0.55,-0.3,-0.12,-0.5,-0.34,0.13,US,2020-03-29,US
Wyoming,-0.37,-0.13,0.29,-0.14,-0.29,0.08,US,2020-03-29,US
Aberdeen City,-0.86,-0.41,-0.46,-0.73,-0.58,0.3,GB,2020-03-29,United Kingdom
Aberdeenshire,-0.8,-0.46,-0.45,-0.58,-0.52,0.27,GB,2020-03-29,United Kingdom
Angus council,-0.8,-0.44,-0.28,-0.51,-0.48,0.2,GB,2020-03-29,United Kingdom
Antrim And Newtownabbey,-0.81,-0.46,-0.61,-0.89,-0.52,0.29,GB,2020-03-29,United Kingdom
Ards And North Down,-0.78,-0.39,-0.57,-0.57,-0.56,0.28,GB,2020-03-29,United Kingdom
Argyll and Bute Council,-0.88,-0.45,-0.34,-0.57,-0.52,0.08,GB,2020-03-29,United Kingdom
Armagh City and Banbridge And Craigavon,-0.82,-0.45,-0.66,-0.65,-0.47,0.27,GB,2020-03-29,United Kingdom
Bath and North East Somerset,-0.91,-0.48,-0.54,-0.75,-0.66,0.3,GB,2020-03-29,United Kingdom
Bedford,-0.86,-0.47,-0.51,-0.72,-0.49,0.28,GB,2020-03-29,United Kingdom
Belfast,-0.85,-0.42,-0.47,-0.76,-0.59,0.17,GB,2020-03-29,United Kingdom
Blackburn with Darwen,-0.85,-0.42,,-0.5,0.25,,GB,2020-03-29,United Kingdom
Blackpool,-0.88,-0.43,-0.64,-0.65,-0.54,0.22,GB,2020-03-29,United Kingdom
Blaenau Gwent,-0.75,-0.46,,-0.46,0.12,,GB,2020-03-29,United Kingdom
Borough of Halton,-0.78,-0.43,-0.46,-0.6,-0.48,0.25,GB,2020-03-29,United Kingdom
Bracknell Forest,-0.83,-0.41,-0.56,-0.69,-0.58,0.31,GB,2020-03-29,United Kingdom
Bridgend County Borough,-0.85,-0.43,-0.48,-0.59,-0.5,0.25,GB,2020-03-29,United Kingdom
Brighton and Hove,-0.89,-0.48,-0.59,-0.77,-0.64,0.3,GB,2020-03-29,United Kingdom
Buckinghamshire,-0.85,-0.45,-0.43,-0.74,-0.57,0.16,GB,2020-03-29,United Kingdom
Caerphilly County Borough,-0.78,-0.41,-0.52,-0.54,-0.47,0.25,GB,2020-03-29,United Kingdom
Cambridgeshire,-0.87,-0.48,-0.51,-0.79,-0.54,0.16,GB,2020-03-29,United Kingdom
Cardiff,-0.86,-0.45,-0.48,-0.79,-0.59,0.17,GB,2020-03-29,United Kingdom
Carmarthenshire,-0.81,-0.46,-0.57,-0.6,-0.49,0.24,GB,2020-03-29,United Kingdom
Causeway Coast and Glens,-0.87,-0.41,-0.66,-0.64,-0.55,0.26,GB,2020-03-29,United Kingdom
Central Bedfordshire,-0.82,-0.45,-0.41,-0.74,-0.54,0.2,GB,2020-03-29,United Kingdom
Ceredigion,-0.84,-0.54,-0.6,-0.69,-0.57,0.06,GB,2020-03-29,United Kingdom
Cheshire East,-0.84,-0.47,-0.63,-0.75,-0.53,0.15,GB,2020-03-29,United Kingdom
Cheshire West and Chester,-0.88,-0.47,-0.58,-0.77,-0.55,0.15,GB,2020-03-29,United Kingdom
City of Bristol,-0.87,-0.47,-0.25,-0.81,-0.57,0.18,GB,2020-03-29,United Kingdom
Clackmannanshire,-0.89,-0.39,,-0.49,0.06,,GB,2020-03-29,United Kingdom
Conwy Principal Area,-0.86,-0.48,-0.7,-0.63,-0.58,0.22,GB,2020-03-29,United Kingdom
Cornwall,-0.85,-0.53,-0.54,-0.66,-0.56,0.14,GB,2020-03-29,United Kingdom
County Durham,-0.83,-0.42,-0.56,-0.68,-0.55,0.14,GB,2020-03-29,United Kingdom
Cumbria,-0.84,-0.5,-0.54,-0.73,-0.58,0.15,GB,2020-03-29,United Kingdom
Darlington,-0.86,-0.47,-0.57,-0.75,-0.51,0.26,GB,2020-03-29,United Kingdom
Denbighshire,-0.84,-0.43,-0.59,-0.7,-0.52,0.14,GB,2020-03-29,United Kingdom
Derby,-0.85,-0.46,-0.55,-0.81,-0.55,0.19,GB,2020-03-29,United Kingdom
Derbyshire,-0.86,-0.43,-0.55,-0.66,-0.55,0.15,GB,2020-03-29,United Kingdom
Derry And Strabane,-0.8,-0.39,-0.63,-0.6,-0.54,0.25,GB,2020-03-29,United Kingdom
Devon,-0.87,-0.51,-0.54,-0.73,-0.54,0.15,GB,2020-03-29,United Kingdom
Dorset,-0.87,-0.47,-0.57,-0.7,-0.57,0.15,GB,2020-03-29,United Kingdom
Dumfries and Galloway,-0.8,-0.42,-0.48,-0.75,-0.49,0.22,GB,2020-03-29,United Kingdom
Dundee City Council,-0.83,-0.52,-0.1,-0.71,-0.56,0.26,GB,2020-03-29,United Kingdom
East Ayrshire Council,-0.83,-0.39,,-0.51,0.26,,GB,2020-03-29,United Kingdom
East Dunbartonshire Council,-0.75,-0.35,,-0.56,0.19,,GB,2020-03-29,United Kingdom
East Lothian Council,-0.81,-0.37,-0.34,-0.57,-0.56,0.17,GB,2020-03-29,United Kingdom
East Renfrewshire Council,-0.63,-0.29,-0.54,-0.51,-0.56,0.19,GB,2020-03-29,United Kingdom
East Riding of Yorkshire,-0.85,-0.45,-0.61,-0.51,-0.52,0.14,GB,2020-03-29,United Kingdom
East Sussex,-0.87,-0.46,-0.6,-0.68,-0.57,0.14,GB,2020-03-29,United Kingdom
Edinburgh,-0.86,-0.44,-0.42,-0.83,-0.67,0.18,GB,2020-03-29,United Kingdom
Essex,-0.84,-0.49,-0.58,-0.85,-0.56,0.16,GB,2020-03-29,United Kingdom
Falkirk,-0.78,-0.38,-0.26,-0.56,-0.47,0.27,GB,2020-03-29,United Kingdom
Fermanagh And Omagh,-0.86,-0.47,-0.55,-0.54,-0.52,0.27,GB,2020-03-29,United Kingdom
Fife,-0.79,-0.38,-0.32,-0.56,-0.51,0.14,GB,2020-03-29,United Kingdom
Flintshire,-0.8,-0.44,-0.48,-0.6,-0.54,0.26,GB,2020-03-29,United Kingdom
Glasgow City,-0.84,-0.44,-0.37,-0.81,-0.6,0.16,GB,2020-03-29,United Kingdom
Gloucestershire,-0.86,-0.48,-0.49,-0.73,-0.55,0.15,GB,2020-03-29,United Kingdom
Greater London,-0.87,-0.48,-0.59,-0.8,-0.62,0.19,GB,2020-03-29,United Kingdom
Greater Manchester,-0.84,-0.46,-0.44,-0.8,-0.54,0.16,GB,2020-03-29,United Kingdom
Gwynedd,-0.87,-0.55,-0.62,-0.65,-0.56,0.18,GB,2020-03-29,United Kingdom
Hampshire,-0.85,-0.45,-0.48,-0.74,-0.54,0.15,GB,2020-03-29,United Kingdom
Hartlepool,-0.86,-0.44,-0.64,-0.7,-0.51,0.19,GB,2020-03-29,United Kingdom
Herefordshire,-0.86,-0.5,-0.42,-0.64,-0.46,0.24,GB,2020-03-29,United Kingdom
Hertfordshire,-0.85,-0.47,-0.46,-0.73,-0.56,0.16,GB,2020-03-29,United Kingdom
Highland Council,-0.83,-0.47,-0.48,-0.7,-0.53,0.24,GB,2020-03-29,United Kingdom
Inverclyde,-0.83,-0.37,,-0.52,0.15,,GB,2020-03-29,United Kingdom
Isle of Anglesey,-0.84,-0.48,-0.65,-0.63,-0.46,0.07,GB,2020-03-29,United Kingdom
Isle of Wight,-0.88,-0.47,-0.57,-0.76,-0.54,0.22,GB,2020-03-29,United Kingdom
Kent,-0.86,-0.49,-0.62,-0.68,-0.53,0.15,GB,2020-03-29,United Kingdom
Kingston upon Hull,-0.82,-0.45,-0.49,-0.71,-0.51,0.14,GB,2020-03-29,United Kingdom
Lancashire,-0.84,-0.44,-0.39,-0.71,-0.52,0.14,GB,2020-03-29,United Kingdom
Leicester,-0.84,-0.47,-0.45,-0.8,-0.51,0.15,GB,2020-03-29,United Kingdom
Leicestershire,-0.83,-0.45,-0.54,-0.72,-0.55,0.15,GB,2020-03-29,United Kingdom
Lincolnshire,-0.84,-0.45,-0.63,-0.67,-0.47,0.13,GB,2020-03-29,United Kingdom
Lisburn and Castlereagh,-0.87,-0.45,-0.79,-0.61,-0.56,0.3,GB,2020-03-29,United Kingdom
Luton,-0.79,-0.39,-0.41,-0.9,-0.49,0.19,GB,2020-03-29,United Kingdom
Medway,-0.85,-0.4,-0.67,-0.71,-0.51,0.15,GB,2020-03-29,United Kingdom
Merseyside,-0.83,-0.42,-0.53,-0.74,-0.54,0.15,GB,2020-03-29,United Kingdom
Merthyr Tydfil County Borough,-0.89,-0.5,,-0.52,0.08,,GB,2020-03-29,United Kingdom
Mid And East Antrim,-0.81,-0.37,-0.52,-0.56,-0.56,0.27,GB,2020-03-29,United Kingdom
Mid Ulster,-0.81,-0.43,,-0.42,0.28,,GB,2020-03-29,United Kingdom
Middlesbrough,-0.84,-0.43,-0.63,-0.73,-0.51,0.24,GB,2020-03-29,United Kingdom
Midlothian,-0.9,-0.43,-0.2,-0.5,-0.53,0.25,GB,2020-03-29,United Kingdom
Milton Keynes,-0.85,-0.49,-0.53,-0.79,-0.55,0.19,GB,2020-03-29,United Kingdom
Monmouthshire,-0.85,-0.56,-0.61,-0.58,-0.47,0.16,GB,2020-03-29,United Kingdom
Moray,-0.88,-0.45,-0.42,-0.63,-0.54,0.12,GB,2020-03-29,United Kingdom
Na h-Eileanan an Iar,-0.77,-0.31,,-0.51,,,GB,2020-03-29,United Kingdom
Neath Port Talbot Principle Area,-0.74,-0.38,-0.46,-0.6,-0.46,0.23,GB,2020-03-29,United Kingdom
Newport,-0.83,-0.47,-0.49,-0.66,-0.52,0.26,GB,2020-03-29,United Kingdom
Newry and Mourne And Down,-0.87,-0.45,-0.65,-0.55,-0.52,0.29,GB,2020-03-29,United Kingdom
Norfolk,-0.87,-0.52,-0.69,-0.68,-0.53,0.14,GB,2020-03-29,United Kingdom
North Ayrshire Council,-0.79,-0.37,-0.12,-0.59,-0.51,0.25,GB,2020-03-29,United Kingdom
North East Lincolnshire,-0.85,-0.46,-0.72,-0.68,-0.46,0.22,GB,2020-03-29,United Kingdom
North Lanarkshire,-0.78,-0.37,,-0.5,0.13,,GB,2020-03-29,United Kingdom
North Lincolnshire,-0.79,-0.41,-0.56,-0.58,-0.46,0.23,GB,2020-03-29,United Kingdom
North Somerset,-0.84,-0.5,-0.52,-0.88,-0.54,0.27,GB,2020-03-29,United Kingdom
North Yorkshire,-0.88,-0.48,-0.65,-0.74,-0.55,0.15,GB,2020-03-29,United Kingdom
Northamptonshire,-0.84,-0.42,-0.59,-0.71,-0.47,0.14,GB,2020-03-29,United Kingdom
Northumberland,-0.84,-0.42,-0.66,-0.61,-0.54,0.14,GB,2020-03-29,United Kingdom
Nottinghamshire,-0.9,-0.45,-0.58,-0.8,-0.56,0.15,GB,2020-03-29,United Kingdom
Orkney,-0.85,-0.4,,,,,GB,2020-03-29,United Kingdom
Oxfordshire,-0.87,-0.45,-0.48,-0.79,-0.58,0.17,GB,2020-03-29,United Kingdom
Pembrokeshire,-0.87,-0.49,-0.62,-0.61,-0.47,0.18,GB,2020-03-29,United Kingdom
Perth and Kinross,-0.86,-0.46,-0.39,-0.65,-0.54,0.27,GB,2020-03-29,United Kingdom
Peterborough,-0.8,-0.45,-0.36,-0.77,-0.43,0.17,GB,2020-03-29,United Kingdom
Plymouth,-0.87,-0.5,-0.43,-0.7,-0.54,0.18,GB,2020-03-29,United Kingdom
Portsmouth,-0.88,-0.43,-0.46,-0.71,-0.54,0.19,GB,2020-03-29,United Kingdom
Powys,-0.88,-0.5,-0.56,-0.63,-0.51,0.23,GB,2020-03-29,United Kingdom
Reading,-0.89,-0.5,-0.41,-0.84,-0.55,0.32,GB,2020-03-29,United Kingdom
Redcar and Cleveland,-0.88,-0.44,-0.63,-0.62,-0.5,0.23,GB,2020-03-29,United Kingdom
Renfrewshire,-0.86,-0.39,0.14,-0.84,-0.58,0.29,GB,2020-03-29,United Kingdom
Rhondda Cynon Taff,-0.8,-0.41,-0.47,-0.52,-0.5,0.19,GB,2020-03-29,United Kingdom
Rutland,-1.0,-0.37,-0.7,,,,GB,2020-03-29,United Kingdom
Scottish Borders,-0.88,-0.46,-0.39,-0.44,-0.51,0.2,GB,2020-03-29,United Kingdom
Shetland Islands,-0.85,-0.49,,-0.6,,,GB,2020-03-29,United Kingdom
Shropshire,-0.85,-0.49,-0.56,-0.7,-0.5,0.14,GB,2020-03-29,United Kingdom
Slough,-0.8,-0.45,-0.45,-0.78,-0.54,0.29,GB,2020-03-29,United Kingdom
Somerset,-0.86,-0.48,-0.56,-0.73,-0.49,0.14,GB,2020-03-29,United Kingdom
South Ayrshire Council,-0.88,-0.42,-0.35,-0.62,-0.56,0.2,GB,2020-03-29,United Kingdom
South Gloucestershire,-0.81,-0.45,-0.3,-0.64,-0.52,0.2,GB,2020-03-29,United Kingdom
South Lanarkshire,-0.78,-0.38,-0.06,-0.57,-0.54,0.14,GB,2020-03-29,United Kingdom
South Yorkshire,-0.86,-0.43,-0.47,-0.71,-0.53,0.15,GB,2020-03-29,United Kingdom
Southampton,-0.87,-0.41,-0.57,-0.71,-0.54,0.19,GB,2020-03-29,United Kingdom
Southend-on-Sea,-0.89,-0.39,-0.63,-0.79,-0.57,0.28,GB,2020-03-29,United Kingdom
Staffordshire,-0.85,-0.44,-0.54,-0.73,-0.54,0.14,GB,2020-03-29,United Kingdom
Stirling,-0.85,-0.49,-0.49,-0.76,-0.62,0.11,GB,2020-03-29,United Kingdom
Stockton-on-Tees,-0.84,-0.47,-0.6,-0.69,-0.52,0.25,GB,2020-03-29,United Kingdom
Stoke-on-Trent,-0.84,-0.44,-0.41,-0.7,-0.49,0.14,GB,2020-03-29,United Kingdom
Suffolk,-0.87,-0.51,-0.67,-0.69,-0.54,0.15,GB,2020-03-29,United Kingdom
Surrey,-0.85,-0.44,-0.57,-0.74,-0.59,0.17,GB,2020-03-29,United Kingdom
Swansea,-0.84,-0.5,-0.51,-0.67,-0.54,0.19,GB,2020-03-29,United Kingdom
Swindon,-0.83,-0.44,-0.3,-0.69,-0.52,0.28,GB,2020-03-29,United Kingdom
Thurrock,-0.88,-0.53,-0.51,-0.59,-0.5,0.29,GB,2020-03-29,United Kingdom
Torbay,-0.86,-0.44,-0.58,-0.68,-0.55,0.24,GB,2020-03-29,United Kingdom
Torfaen Principal Area,-0.82,-0.37,,-0.53,0.24,,GB,2020-03-29,United Kingdom
Tyne and Wear,-0.85,-0.47,-0.58,-0.74,-0.57,0.15,GB,2020-03-29,United Kingdom
Vale of Glamorgan,-0.84,-0.49,-0.59,-0.7,-0.54,0.27,GB,2020-03-29,United Kingdom
Warrington,-0.86,-0.42,-0.29,-0.68,-0.52,0.27,GB,2020-03-29,United Kingdom
Warwickshire,-0.86,-0.44,-0.56,-0.72,-0.54,0.15,GB,2020-03-29,United Kingdom
West Berkshire,-0.88,-0.49,-0.41,-0.82,-0.58,0.29,GB,2020-03-29,United Kingdom
West Dunbartonshire Council,-0.75,-0.43,,-0.51,0.23,,GB,2020-03-29,United Kingdom
West Lothian,-0.74,-0.29,-0.29,-0.52,-0.5,0.27,GB,2020-03-29,United Kingdom
West Midlands,-0.84,-0.45,-0.45,-0.78,-0.57,0.15,GB,2020-03-29,United Kingdom
West Sussex,-0.85,-0.46,-0.53,-0.85,-0.56,0.15,GB,2020-03-29,United Kingdom
West Yorkshire,-0.84,-0.44,-0.49,-0.74,-0.55,0.15,GB,2020-03-29,United Kingdom
Wiltshire,-0.84,-0.45,-0.56,-0.7,-0.54,0.15,GB,2020-03-29,United Kingdom
Windsor and Maidenhead,-0.88,-0.42,-0.74,-0.79,-0.63,0.31,GB,2020-03-29,United Kingdom
Wokingham,-0.81,-0.52,-0.26,-0.66,-0.61,0.32,GB,2020-03-29,United Kingdom
Worcestershire,-0.86,-0.47,-0.44,-0.71,-0.55,0.14,GB,2020-03-29,United Kingdom
Wrexham Principal Area,-0.83,-0.43,-0.45,-0.64,-0.48,0.24,GB,2020-03-29,United Kingdom
York,-0.9,-0.5,-0.64,-0.84,-0.65,0.29,GB,2020-03-29,United Kingdom
Artigas Department,-0.6,-0.45,-0.71,-0.77,-0.24,-0.03,UY,2020-03-29,Uruguay
Canelones Department,-0.74,-0.49,-0.77,-0.75,-0.31,0.2,UY,2020-03-29,Uruguay
Cerro Largo Department,-0.74,-0.43,-0.76,-0.73,-0.28,0.13,UY,2020-03-29,Uruguay
Colonia Department,-0.78,-0.51,-0.84,-0.9,-0.38,0.21,UY,2020-03-29,Uruguay
Durazno Department,-0.68,-0.39,-0.68,-0.79,-0.21,-0.02,UY,2020-03-29,Uruguay
Flores Department,-0.83,-0.38,-0.72,,,,UY,2020-03-29,Uruguay
Florida Department,-0.63,-0.37,-0.78,-0.7,-0.23,0.13,UY,2020-03-29,Uruguay
Lavalleja Department,-0.53,-0.35,-0.76,-0.69,-0.22,-0.02,UY,2020-03-29,Uruguay
Maldonado Department,-0.87,-0.65,-0.88,-0.86,-0.56,0.24,UY,2020-03-29,Uruguay
Montevideo Department,-0.73,-0.37,-0.72,-0.58,-0.37,0.23,UY,2020-03-29,Uruguay
Paysandú Department,-0.68,-0.22,-0.75,-0.78,-0.23,0.18,UY,2020-03-29,Uruguay
Rivera Department,-0.71,-0.33,-0.76,-0.67,-0.33,0.12,UY,2020-03-29,Uruguay
Rocha Department,-0.89,-0.75,-0.89,-0.9,-0.41,0.09,UY,2020-03-29,Uruguay
Río Negro Department,-0.72,-0.49,-0.82,-0.64,-0.27,-0.03,UY,2020-03-29,Uruguay
Salto Department,-0.71,-0.49,-0.74,-0.68,-0.3,0.17,UY,2020-03-29,Uruguay
San José Department,-0.6,-0.4,-0.78,-0.61,-0.23,0.19,UY,2020-03-29,Uruguay
Soriano Department,-0.67,-0.52,-0.78,,0.13,,UY,2020-03-29,Uruguay
Tacuarembó Department,-0.67,-0.43,-0.77,-0.76,-0.25,0.15,UY,2020-03-29,Uruguay
Treinta y Tres Department,-0.6,-0.24,-0.75,-0.55,-0.2,,UY,2020-03-29,Uruguay
